Class,Location,Day/Time
AM 10 - 01 DIS 01A,PhysSciences 136,M 09:20AM-10:25AM
AM 10 - 01 DIS 01B,PhysSciences 140,Tu 08:30AM-09:35AM
AM 10 - 01 DIS 01C,PhysSciences 136,Tu 07:10PM-08:15PM
AM 10 - 01 DIS 01D,N. Sci Annex 103,W 10:40AM-11:45AM
AM 10 - 01 DIS 01E,PhysSciences 136,W 06:40PM-07:45PM
AM 10 - 01 DIS 01F,Soc Sci 1 161,Tu 06:40PM-07:45PM
AM 10 - 01 DIS 01G,J Baskin Engr 372,Tu 08:30AM-09:35AM
AM 10 - 01 DIS 01H,N. Sci Annex 103,M 01:20PM-02:25PM
AM 10 - 01 DIS 01I,N. Sci Annex 103,M 12:00PM-01:05PM
AM 10 - 01 DIS 01J,J Baskin Engr 156,M 08:00AM-09:05AM
AM 11A - DIS 01A,J Baskin Engr 372,W 05:20PM-06:25PM
AM 11A - DIS 01B,PhysSciences 136,Tu 08:30AM-09:35AM
AM 11B - DIS 01A,Oakes Acad 106,Th 05:20PM-06:25PM
AM 11B - DIS 01B,PhysSciences 130,W 08:00AM-09:05AM
AM 11B - DIS 01C,PhysSciences 130,M 02:40PM-03:45PM
AM 20 - 01 DIS 01A,Soc Sci 2 159,Tu 08:00AM-09:05AM
AM 20 - 01 DIS 01B,J Baskin Engr 156,Tu 05:20PM-06:25PM
AM 20 - 01 DIS 01C,Soc Sci 1 145,Tu 06:40PM-07:45PM
AM 20 - 01 DIS 01D,Earth&Marine B210,W 04:00PM-05:05PM
AM 20 - 01 DIS 01E,Soc Sci 1 161,W 10:40AM-11:45AM
AM 20 - 01 DIS 01F,Oakes Acad 106,F 09:20AM-10:25AM
AM 30 - 01 DIS 01A,Earth&Marine B214,W 06:40PM-07:45PM
AM 30 - 01 DIS 01B,Earth&Marine B210,Tu 01:30PM-02:35PM
ANTH 2 - 01 DIS 01A,Soc Sci 1 317,Tu 08:30AM-09:35AM
ANTH 2 - 01 DIS 01B,Soc Sci 1 317,Tu 09:50AM-10:55AM
ANTH 2 - 01 DIS 01C,Soc Sci 1 317,Tu 03:20PM-04:25PM
ANTH 2 - 01 DIS 01D,Soc Sci 1 317,W 01:20PM-02:25PM
ANTH 2 - 01 DIS 01E,Soc Sci 1 317,Th 08:30AM-09:35AM
ANTH 2 - 01 DIS 01F,Soc Sci 1 317,Th 09:50AM-10:55AM
ANTH 2 - 01 DIS 01G,Soc Sci 1 317,Th 11:40AM-12:45PM
ANTH 2 - 01 DIS 01H,Soc Sci 1 317,Th 03:20PM-04:25PM
ANTH 2 - 01 DIS 01I,Soc Sci 1 317,F 09:20AM-10:25AM
ANTH 2 - 01 DIS 01J,Soc Sci 1 317,F 10:40AM-11:45AM
ANTH 2 - 01 DIS 01K,Soc Sci 1 317,F 12:00PM-01:05PM
ANTH 2 - 01 DIS 01L,Soc Sci 1 317,F 01:20PM-02:25PM
ART 10F - #51438 LBS 01A,Porter Acad 240,M 12:00PM-01:05PM
ART 10F - #51359 LBS 01B,Porter Acad 240,M 02:40PM-03:45PM
ART 10F - #51506 LBS 01C,Porter Acad 240,M 04:00PM-05:05PM
ART 10F - #51310 LBS 01D,Porter Acad 240,Tu 09:50AM-10:55AM
ART 10F - #51311 LBS 01E,Porter Acad 240,Tu 01:30PM-02:35PM
ART 10F - #51289 LBS 01F,Porter Acad 240,W 10:40AM-11:45AM
ART 10F - #51269 LBS 01G,Porter Acad 240,Th 11:40AM-12:45PM
ART 10F - #51270 LBS 01H,Porter Acad 240,Th 03:20PM-04:25PM
ART 101 - 01 DIS 01A,R Carson Acad 242,M 04:00PM-05:05PM
ART 101 - 01 DIS 01B,Steven Acad 151,Tu 07:10PM-08:15PM
ART 101 - 01 DIS 01C,Soc Sci 2 159,M 12:00PM-01:05PM
ART 101 - 01 DIS 01D,Steven Acad 151,Th 08:30AM-09:35AM
ARTG 50 - 01 #50585 STS 01A,Digital Arts 230,F 02:40PM-03:45PM
ARTG 50 - 01 #50584 STS 01B,Digital Arts 230,F 04:00PM-05:05PM
ARTG 172 - 01 #50582 STS 01A,Digital Arts 308,F 10:40AM-11:45AM
ARTG 172 - 01 #50583 STS 01B,Digital Arts 308,F 12:00PM-01:05PM
ARTG 172 - 01 #50581 STS 01C,Digital Arts 308,F 10:40AM-11:45AM
ARTG 172 - 01 #50580 STS 01D,Digital Arts 308,F 12:00PM-01:05PM
ARTG 172 - 01 #50578 STS 01E,Digital Arts 308,F 10:40AM-11:45AM
ARTG 172 - 01 #50577 STS 01F,Digital Arts 308,F 12:00PM-01:05PM
ASTR 5 - 01 DIS 01A,McHenry Lib 1340,M 12:00PM-01:05PM
ASTR 5 - 01 DIS 01B,McHenry Lib 1340,M 02:40PM-03:45PM
ASTR 5 - 01 DIS 01C,Soc Sci 1 161,M 05:20PM-06:25PM
ASTR 5 - 01 DIS 01D,J Baskin Engr 165,W 08:00AM-09:05AM
ASTR 5 - 01 DIS 01E,Engineer 2 192,F 10:40AM-11:45AM
ASTR 5 - 01 DIS 01F,McHenry Lib 1340,F 04:00PM-05:05PM
ASTR 19 - 01 DIS 01A,ISB 165,M 05:20PM-06:25PM
ASTR 19 - 01 DIS 01B,ISB 165,W 05:20PM-06:25PM
ASTR 21 - 01 DIS 01A,ISB 165,M 09:20AM-10:25AM
ASTR 21 - 01 DIS 01B,ISB 165,Tu 05:20PM-06:25PM
ASTR 119 - 01 #52664 LBS 01A,McHenry Lib 1340,M 04:00PM-05:05PM
BIOC 100C - DIS 01A,Earth&Marine B214,W 10:40AM-11:45AM
BIOC 100C - DIS 01B,McHenry Lib 1350,W 01:20PM-02:25PM
BIOC 100C - DIS 01C,J Baskin Engr 156,F 10:40AM-11:45AM
BIOC 100C - DIS 01D,Earth&Marine B214,F 01:20PM-02:25PM
BIOC 163B - DIS 01A,McHenry Lib 1350,W 10:40AM-11:45AM
BIOC 163B - DIS 01B,McHenry Lib 1350,F 10:40AM-11:45AM
BIOE 20B - DIS 01A,McHenry Lib 1340,Tu 08:00AM-09:05AM
BIOE 20B - DIS 01B,McHenry Lib 1340,W 08:00AM-09:05AM
BIOE 20B - DIS 01C,McHenry Lib 1340,W 05:20PM-06:25PM
BIOE 20B - DIS 01D,McHenry Lib 1340,W 06:40PM-07:45PM
BIOE 20B - DIS 01E,Cowell Acad 113,F 12:00PM-01:05PM
BIOE 20B - DIS 01F,Cowell Acad 113,F 01:20PM-02:25PM
BIOE 20B - DIS 01G,N. Sci Annex 102,W 10:40AM-11:45AM
BIOE 20B - DIS 01H,Thimann Lab 101,W 12:00PM-01:05PM
BIOE 20C - DIS 01A,McHenry Lib 1350,Tu 08:30AM-09:35AM
BIOE 20C - DIS 01B,McHenry Lib 1350,Tu 06:40PM-07:45PM
BIOE 20C - DIS 01C,R Carson  Acad 252,W 06:40PM-07:45PM
BIOE 20C - DIS 01D,R Carson  Acad 252,W 04:00PM-05:05PM
BIOE 20C - DIS 01E,J Baskin Engr 372,Th 11:40AM-12:45PM
BIOE 20C - DIS 01F,PhysSciences 140,Th 05:20PM-06:25PM
BIOE 20C - DIS 01G,Oakes Acad 106,Th 09:50AM-10:55AM
BIOE 20C - DIS 01H,Steven Acad 151,F 08:00AM-09:05AM
BIOE 20C - DIS 01I,Earth&Marine B210,F 02:40PM-03:45PM
BIOE 107 - 01 DIS 01A,CoastBio 110,Tu 04:15PM-05:20PM
BIOE 107 - 01 DIS 01B,CoastBio 115,W 08:40AM-09:45AM
BIOE 107 - 01 DIS 01C,CoastBio 115,Th 01:00PM-02:05PM
BIOE 107 - 01 DIS 01D,CoastBio 115,Th 04:15PM-05:20PM
BIOE 109 - 01 DIS 01A,CoastBio 115,Tu 02:20PM-03:25PM
BIOE 109 - 01 DIS 01B,CoastBio 115,W 03:40PM-04:45PM
BIOE 109 - 01 DIS 01C,CoastBio 115,Th 11:00AM-12:05PM
BIOE 109 - 01 DIS 01D,CoastBio 115,Th 02:20PM-03:25PM
BIOE 118 - 01 DIS 01A,Thimann Lab 239,Th 03:20PM-04:25PM
BIOE 118 - 01 DIS 01B,PhysSciences 140,Tu 05:20PM-06:25PM
BIOE 121 - 01 DIS 01A,CoastBio 110,M 05:15PM-06:20PM
BIOE 136 - 01 DIS 01A,CoastBio 115,M 03:15PM-04:20PM
BIOE 136 - 01 DIS 01B,CoastBio 110,W 12:00PM-01:05PM
BIOE 149 - 01 DIS 01A,CoastBio 115,Tu 12:15PM-01:20PM
BIOE 149 - 01 DIS 01B,CoastBio 115,Th 09:00AM-10:05AM
BIOL 20A - DIS 01A,McHenry Lib 1340,M 09:20AM-10:25AM
BIOL 20A - DIS 01B,McHenry Lib 1340,M 08:00AM-09:05AM
BIOL 20A - DIS 01C,McHenry Lib 1340,M 10:40AM-11:45AM
BIOL 20A - DIS 01D,Crown Clrm 208,Tu 08:00AM-09:05AM
BIOL 20A - DIS 01E,Earth&Marine B210,Tu 07:10PM-08:15PM
BIOL 20A - DIS 01F,PhysSciences 140,W 08:00AM-09:05AM
BIOL 20A - DIS 01G,Kresge Acad 3105,W 12:00PM-01:05PM
BIOL 20A - DIS 01H,Kresge Acad 3101,W 10:40AM-11:45AM
BIOL 20A - DIS 01I,McHenry Lib 1340,Th 08:00AM-09:05AM
BIOL 20A - DIS 01J,Crown Clrm 208,Th 07:10PM-08:15PM
BIOL 20A - DIS 01K,Kresge Acad 3101,F 10:40AM-11:45AM
BIOL 20A - DIS 01L,Kresge Acad 3101,F 12:00PM-01:05PM
BIOL 20A - DIS 01M,Earth&Marine B210,W 05:20PM-06:25PM
BIOL 20A - DIS 01N,N. Sci Annex 102,Th 08:00AM-09:05AM
BIOL 20A - DIS 01O,Earth&Marine B214,F 08:00AM-09:05AM
BIOL 20A - DIS 01P,McHenry Lib 1340,M 05:20PM-06:25PM
BIOL 100 - 01 DIS 01A,Earth&Marine B214,M 08:00AM-09:05AM
BIOL 100 - 01 DIS 01B,Cowell Acad 113,M 12:00PM-01:05PM
BIOL 100 - 01 DIS 01C,Cowell Acad 113,M 01:20PM-02:25PM
BIOL 100 - 01 DIS 01D,Cowell Com 134,W 06:40PM-07:45PM
BIOL 100 - 01 DIS 01E,Cowell Acad 113,W 07:10PM-08:15PM
BIOL 105 - 01 DIS 01A,Earth&Marine B210,M 09:20AM-10:25AM
BIOL 105 - 01 DIS 01B,Earth&Marine B214,Tu 06:40PM-07:45PM
BIOL 105 - 01 DIS 01C,Earth&Marine B214,W 05:20PM-06:25PM
BIOL 105 - 01 DIS 01D,Earth&Marine B214,Th 08:30AM-09:35AM
BIOL 105 - 01 DIS 01E,Earth&Marine B214,F 09:20AM-10:25AM
BIOL 105 - 01 DIS 01F,Earth&Marine B214,M 02:40PM-03:45PM
BIOL 105 - 01 DIS 01G,Engineer 2 194,F 09:20AM-10:25AM
BIOL 105 - 01 DIS 01H,PhysSciences 140,M 07:10PM-08:15PM
BIOL 110 - 01 DIS 01A,N. Sci Annex 102,W 08:00AM-09:05AM
BIOL 110 - 01 DIS 01B,Earth&Marine B214,Tu 05:20PM-06:25PM
BIOL 110 - 01 DIS 01C,PhysSciences 136,M 06:40PM-07:45PM
BIOL 130 - 01 DIS 01A,N. Sci Annex 102,M 10:40AM-11:45AM
BIOL 130 - 01 DIS 01B,N. Sci Annex 102,M 04:00PM-05:05PM
BME 80G - DIS 01A,Earth&Marine B210,M 08:00AM-09:05AM
BME 80G - DIS 01B,Soc Sci 2 179,W 09:20AM-10:25AM
BME 80G - DIS 01C,Soc Sci 2 179,W 02:40PM-03:45PM
BME 80G - DIS 01D,Earth&Marine B214,M 05:20PM-06:25PM
BME 80G - DIS 01E,Earth&Marine B210,M 06:40PM-07:45PM
BME 80G - DIS 01F,Earth&Marine B210,Th 07:10PM-08:15PM
BME 80G - DIS 01G,Earth&Marine B210,F 04:00PM-05:05PM
BME 80G - DIS 01H,Earth&Marine B210,F 08:00AM-09:05AM
BME 105 - 01 DIS 01A,PhysSciences 114,M 09:20AM-10:25AM
BME 105 - 01 DIS 01B,N. Sci Annex 101,M 10:40AM-11:45AM
BME 110 - 01 DIS 01A,Earth&Marine B214,M 10:40AM-11:45AM
BME 110 - 02 DIS 02A,PhysSciences 130,M 01:20PM-02:25PM
CHEM 3A - DIS 01A,Earth&Marine B214,W 02:40PM-03:45PM
CHEM 3A - DIS 01B,N. Sci Annex 103,W 05:20PM-06:25PM
CHEM 3A - DIS 01C,N. Sci Annex 102,Th 05:20PM-06:25PM
CHEM 3A - DIS 01D,Earth&Marine B214,F 10:40AM-11:45AM
CHEM 8B - DIS 01A,PhysSciences 136,Tu 03:20PM-04:25PM
CHEM 8B - DIS 01B,Soc Sci 1 161,Tu 05:20PM-06:25PM
CHEM 8B - DIS 01C,Oakes Acad 102,Tu 07:10PM-08:15PM
CHEM 8B - DIS 01D,R Carson  Acad 252,W 09:20AM-10:25AM
CHEM 8B - DIS 01E,J Baskin Engr 156,W 10:40AM-11:45AM
CHEM 8B - DIS 01F,Oakes Acad 102,W 02:40PM-03:45PM
CHEM 8B - DIS 01G,Oakes Acad 102,W 04:00PM-05:05PM
CHEM 8B - DIS 01H,Soc Sci 1 161,W 05:20PM-06:25PM
CHEM 8B - DIS 01I,J Baskin Engr 372,W 12:00PM-01:05PM
CHEM 8B - DIS 01J,J Baskin Engr 165,F 09:20AM-10:25AM
CHEM 8B - DIS 01K,R Carson Acad 242,F 10:40AM-11:45AM
CHEM 8B - DIS 01L,J Baskin Engr 372,F 12:00PM-01:05PM
CHEM 103 - 01 DIS 01A,Steven Acad 151,Th 07:10PM-08:15PM
CHEM 103 - 01 DIS 01B,Kresge Acad 3301,F 10:40AM-11:45AM
CHEM 110 - 01 DIS 01A,Earth&Marine B210,M 01:20PM-02:25PM
CHEM 110 - 01 DIS 01B,Cowell Acad 223,F 01:20PM-02:25PM
CHEM 110 - 01 DIS 01C,Soc Sci 1 153,M 05:20PM-06:25PM
CHEM 146C - #50518 LBS 01A,Thimann Lab 376,M 12:00PM-04:00PM
CHEM 146C - #50516 LBS 01C,Thimann Lab 376,W 03:30PM-07:30PM
CHEM 163C - DIS 01A,PhysSciences 136,F 01:20PM-02:25PM
CHEM 163C - DIS 01B,Crown Clrm 208,M 05:20PM-06:25PM
CMMU 145 - 01 DIS 01A,R Carson Acad 242,M 01:20PM-02:25PM
CMMU 145 - 01 DIS 01B,Oakes Acad 222,Tu 06:40PM-07:45PM
CMPM 27 - 01 #51598 LBS 01A,J Baskin Engr 109,Tu 02:15PM-03:20PM
CMPM 27 - 01 #51671 LBS 01B,J Baskin Engr 109,F 09:30AM-10:35AM
CMPM 80J - DIS 01A,R Carson  Acad 250,M 09:20AM-10:25AM
CMPM 80J - DIS 01B,PhysSciences 130,M 12:00PM-01:05PM
CMPM 80J - DIS 01C,PhysSciences 136,Th 07:10PM-08:15PM
CMPM 80J - DIS 01D,Engineer 2 192,W 02:40PM-03:45PM
CMPM 80J - DIS 01E,Crown Clrm 208,F 01:20PM-02:25PM
CMPM 118 - 01 DIS 01A,Sci & Engr Library 206,M 10:40AM-11:45AM
CMPM 118 - 01 DIS 01B,Sci & Engr Library 206,F 10:40AM-11:45AM
CMPM 118 - 01 DIS 01C,Sci & Engr Library 206,M 04:00PM-05:05PM
CMPM 118 - 01 DIS 01D,Sci & Engr Library 206,W 04:00PM-05:05PM
CMPM 118 - 01 DIS 01E,Sci & Engr Library 206,F 04:00PM-05:05PM
CMPM 118 - 03 DIS 03A,Soc Sci 2 141,M 05:20PM-06:55PM
CMPM 118 - 03 DIS 03B,Soc Sci 1 153,Th 05:20PM-06:55PM
CMPM 120 - 01 DIS 01A,Crown Clrm 208,M 09:20AM-10:25AM
CMPM 120 - 01 DIS 01B,Cowell Clrm 131,M 01:20PM-02:25PM
CMPM 120 - 01 DIS 01C,PhysSciences 130,W 12:00PM-01:05PM
CMPM 120 - 01 DIS 01D,PhysSciences 136,W 01:20PM-02:25PM
CMPM 120 - 01 DIS 01E,Engineer 2 192,Th 08:00AM-09:05AM
CMPM 120 - 01 DIS 01F,Soc Sci 2 179,F 09:20AM-10:25AM
CMPM 120 - 01 DIS 01G,Cowell Clrm 131,F 10:40AM-11:45AM
CMPM 120 - 01 DIS 01H,Cowell Clrm 131,F 01:20PM-02:25PM
CMPM 121 - 01 DIS 01A,Crown Clrm 208,W 01:20PM-02:25PM
CMPM 121 - 01 DIS 01B,Engineer 2 194,F 12:00PM-01:05PM
CMPM 121 - 02 DIS 02A,Crown Clrm 208,F 02:40PM-03:45PM
CMPM 121 - 02 DIS 02B,Engineer 2 194,M 09:20AM-10:25AM
CMPM 146 - 01 DIS 01A,Kresge Acad 3101,M 12:00PM-01:05PM
CMPM 146 - 01 DIS 01B,Engineer 2 194,M 02:40PM-03:45PM
CMPM 146 - 01 DIS 01C,Engineer 2 194,F 10:40AM-11:45AM
CMPM 146 - 01 DIS 01D,Engineer 2 194,F 02:40PM-03:45PM
CMPM 170 - 01 DIS 01A,Earth&Marine B210,Th 08:30AM-09:35AM
CMPM 170 - 01 DIS 01B,PhysSciences 136,M 12:00PM-01:05PM
CMPM 172 - 01 DIS 01A,PhysSciences 140,Tu 06:40PM-07:45PM
CMPM 172 - 01 DIS 01B,Earth&Marine B210,W 01:20PM-02:25PM
CMPM 172 - 02 DIS 02A,N. Sci Annex 103,Th 08:30AM-09:35AM
CMPM 172 - 02 DIS 02B,N. Sci Annex 102,F 10:40AM-11:45AM
CMPM 176 - 01 DIS 01A,R Carson  Acad 250,M 10:40AM-11:45AM
CMPM 176 - 01 DIS 01B,Cowell Clrm 131,W 08:00AM-09:05AM
CMPM 176 - 01 DIS 01C,R Carson  Acad 252,W 10:40AM-11:45AM
CMPM 176 - 01 DIS 01D,McHenry Lib 1350,Th 06:40PM-07:45PM
COWL 65 - 01 DIS 01A,Cowell Com 132,W 02:40PM-03:45PM
CRES 68 - 01 DIS 01A,Cowell Com 134,W 04:00PM-05:05PM
CRES 68 - 01 DIS 01B,R Carson  Acad 250,F 10:40AM-11:45AM
CRES 101 - 01 DIS 01A,R Carson  Acad 252,Th 06:40PM-07:45PM
CRES 101 - 01 DIS 01B,PhysSciences 130,W 02:40PM-03:45PM
CSE 12 - 01 #51472 LBS 01A,Kresge Acad 3401,M 09:30AM-11:30AM
CSE 12 - 01 #51426 LBS 01B,Kresge Acad 3401,M 11:45AM-01:45PM
CSE 12 - 01 #51372 LBS 01C,Kresge Acad 3401,Tu 11:45AM-01:45PM
CSE 12 - 01 #51407 LBS 01D,Kresge Acad 3401,W 09:30AM-11:30AM
CSE 12 - 01 #51454 LBS 01E,Kresge Acad 3401,W 02:15PM-04:15PM
CSE 12 - 01 #51260 LBS 01F,Kresge Acad 3401,F 01:45PM-03:45PM
CSE 13S - #51606 LBS 01A,Kresge Acad 3401,M 02:30PM-04:00PM
CSE 13S - #51607 LBS 01B,Kresge Acad 3401,Tu 10:00AM-11:30AM
CSE 13S - #51649 LBS 01C,Kresge Acad 3401,W 04:30PM-06:00PM
CSE 13S - #51622 LBS 01E,Kresge Acad 3401,Th 03:00PM-04:30PM
CSE 13S - #51630 LBS 01F,Kresge Acad 3401,F 09:30AM-11:00AM
CSE 13S - DIS 02A,Porter Acad 144,W 09:20AM-10:25AM
CSE 13S - DIS 02B,Cowell Clrm 131,Th 05:20PM-06:25PM
CSE 13S - DIS 02C,Cowell Clrm 131,Th 06:40PM-07:45PM
CSE 13S - DIS 02D,Cowell Clrm 131,F 04:00PM-05:05PM
CSE 13S - #51577 LBS 03A,Kresge Acad 3401,Th 10:45AM-11:50AM
CSE 13S - #51566 LBS 03B,Kresge Acad 3401,Th 01:45PM-02:50PM
CSE 16 - 02 DIS 02A,N. Sci Annex 102,M 12:00PM-01:05PM
CSE 16 - 02 DIS 02B,N. Sci Annex 102,M 01:20PM-02:25PM
CSE 16 - 02 DIS 02C,Cowell Acad 113,Tu 08:00AM-09:05AM
CSE 16 - 02 DIS 02D,Cowell Com 134,Tu 08:30AM-09:35AM
CSE 16 - 02 DIS 02E,N. Sci Annex 102,W 02:40PM-03:45PM
CSE 16 - 02 DIS 02F,Earth&Marine B214,F 04:00PM-05:05PM
CSE 20 - 01 #51444 LBS 01A,Soc Sci 1 135 PC Lab,M 03:15PM-04:15PM
CSE 20 - 01 #51513 LBS 01B,Soc Sci 1 135 PC Lab,M 04:30PM-05:30PM
CSE 20 - 01 #51402 LBS 01C,Soc Sci 1 135 PC Lab,Tu 10:00AM-11:00AM
CSE 20 - 01 #51380 LBS 01D,Soc Sci 1 135 PC Lab,Tu 11:15AM-12:15PM
CSE 20 - 01 #51304 LBS 01E,Soc Sci 1 135 PC Lab,W 04:45PM-05:45PM
CSE 20 - 01 #51381 LBS 01F,Soc Sci 1 135 PC Lab,Th 01:45PM-02:45PM
CSE 20 - 01 #51336 LBS 01G,Soc Sci 1 135 PC Lab,F 10:30AM-11:30AM
CSE 20 - 01 #53049 LBS 01H,Soc Sci 1 135 PC Lab,F 11:45AM-12:45PM
CSE 20 - 02 DIS 02B,PhysSciences 140,M 12:00PM-01:05PM
CSE 20 - 02 DIS 02C,PhysSciences 140,M 04:00PM-05:05PM
CSE 20 - 02 DIS 02D,McHenry Lib 1340,W 12:00PM-01:05PM
CSE 20 - 02 DIS 02F,McHenry Lib 1340,W 04:00PM-05:05PM
CSE 30 - 01 #51637 LBS 01A,Soc Sci 1 135 PC Lab,Tu 03:00PM-04:00PM
CSE 30 - 01 #51551 LBS 01B,Soc Sci 1 135 PC Lab,Tu 04:15PM-05:15PM
CSE 30 - 01 #51552 LBS 01C,Soc Sci 1 135 PC Lab,W 10:30AM-11:30AM
CSE 30 - 01 #51666 LBS 01D,Soc Sci 1 135 PC Lab,W 11:45AM-12:45PM
CSE 30 - 01 #51617 LBS 01E,Soc Sci 1 135 PC Lab,W 01:00PM-02:00PM
CSE 30 - 01 #51618 LBS 01F,Soc Sci 1 135 PC Lab,Th 10:00AM-11:00AM
CSE 30 - 02 DIS 02E,Oakes Acad 106,M 04:00PM-05:05PM
CSE 30 - 02 DIS 02F,PhysSciences 140,W 01:20PM-02:25PM
CSE 30 - 03 DIS 03B,PhysSciences 136,F 02:40PM-03:45PM
CSE 30 - 03 DIS 03C,Soc Sci 1 161,F 04:00PM-05:05PM
CSE 30 - 03 DIS 03D,J Baskin Engr 372,Tu 07:10PM-08:15PM
CSE 30 - 03 DIS 03E,PhysSciences 140,W 10:40AM-11:45AM
CSE 40 - 01 DIS 01A,Engineer 2 192,M 01:20PM-02:25PM
CSE 40 - 01 DIS 01B,Engineer 2 194,Tu 07:10PM-08:15PM
CSE 40 - 01 DIS 01C,PhysSciences 130,W 10:40AM-11:45AM
CSE 40 - 01 DIS 01D,Engineer 2 192,F 08:00AM-09:05AM
CSE 80N - #51735 LBS 01A,J Baskin Engr 105,W 03:30PM-04:35PM
CSE 80N - #51737 LBS 01C,J Baskin Engr 105,Th 01:00PM-02:05PM
CSE 80N - #51738 LBS 01D,J Baskin Engr 105,Th 02:15PM-03:20PM
CSE 101 - 01 DIS 01A,Engineer 2 192,M 05:20PM-06:25PM
CSE 101 - 01 DIS 01B,Engineer 2 192,M 06:40PM-07:45PM
CSE 101 - 01 DIS 01C,Oakes Acad 106,M 12:00PM-01:05PM
CSE 101 - 01 DIS 01D,Earth&Marine B214,W 04:00PM-05:05PM
CSE 101 - 01 DIS 01E,Engineer 2 194,W 12:00PM-01:05PM
CSE 101 - 01 DIS 01F,Soc Sci 2 179,F 04:00PM-05:05PM
CSE 101 - 02 DIS 02A,Engineer 2 192,M 02:40PM-03:45PM
CSE 101 - 02 DIS 02B,Engineer 2 192,W 05:20PM-06:25PM
CSE 101 - 02 DIS 02C,Engineer 2 192,W 04:00PM-05:05PM
CSE 101 - 02 DIS 02D,McHenry Lib 1340,W 09:20AM-10:25AM
CSE 101 - 02 DIS 02E,Engineer 2 194,M 10:40AM-11:45AM
CSE 101 - 02 DIS 02F,Engineer 2 194,M 08:00AM-09:05AM
CSE 101 - 02 DIS 02G,Engineer 2 194,F 08:00AM-09:05AM
CSE 101 - 02 DIS 02H,Engineer 2 194,F 04:00PM-05:05PM
CSE 102 - 01 DIS 01A,Steven Acad 152,Tu 05:20PM-06:25PM
CSE 102 - 01 DIS 01B,Kresge Acad 3301,Tu 08:30AM-09:35AM
CSE 102 - 01 DIS 01C,N. Sci Annex 103,W 02:40PM-03:45PM
CSE 102 - 01 DIS 01D,Earth&Marine B214,Th 01:30PM-02:35PM
CSE 102 - 01 DIS 01E,Earth&Marine B214,M 01:20PM-02:25PM
CSE 102 - 01 DIS 01F,Steven Acad 152,Tu 06:40PM-07:45PM
CSE 103 - 01 DIS 01A,Kresge Acad 3101,Tu 08:00AM-09:05AM
CSE 103 - 01 DIS 01B,PhysSciences 136,W 10:40AM-11:45AM
CSE 103 - 01 DIS 01C,PhysSciences 136,W 12:00PM-01:05PM
CSE 103 - 01 DIS 01D,Engineer 2 192,Th 06:40PM-07:45PM
CSE 103 - 01 DIS 01E,PhysSciences 140,F 09:20AM-10:25AM
CSE 103 - 01 DIS 01F,PhysSciences 136,F 10:40AM-11:45AM
CSE 103 - 01 DIS 01G,J Baskin Engr 156,M 01:20PM-02:25PM
CSE 103 - 01 DIS 01H,PhysSciences 140,W 06:40PM-07:45PM
CSE 103 - 01 DIS 01I,N. Sci Annex 103,Th 09:50AM-10:55AM
CSE 105 - 01 DIS 01A,Crown Clrm 201,Tu 03:20PM-04:25PM
CSE 105 - 01 DIS 01B,Crown Clrm 201,Tu 01:30PM-02:35PM
CSE 105 - 01 DIS 01D,Soc Sci 2 171,W 10:40AM-11:45AM
CSE 109 - 01 DIS 01A,R Carson  Acad 250,W 10:40AM-11:45AM
CSE 109 - 01 DIS 01B,PhysSciences 140,Th 07:10PM-08:15PM
CSE 114A - DIS 01A,R Carson Acad 242,Tu 08:30AM-09:35AM
CSE 114A - DIS 01B,Kresge Acad 3301,Th 07:10PM-08:15PM
CSE 114A - DIS 01C,Soc Sci 1 161,F 10:40AM-11:45AM
CSE 114A - DIS 01D,R Carson Acad 242,F 08:00AM-09:05AM
CSE 114A - DIS 01E,N. Sci Annex 103,M 06:40PM-07:45PM
CSE 114A - DIS 01F,R Carson  Acad 252,W 12:00PM-01:05PM
CSE 115C - DIS 01A,Oakes Acad 106,Tu 03:20PM-04:55PM
CSE 120 - 02 DIS 02A,PhysSciences 140,M 01:20PM-02:25PM
CSE 120 - 02 DIS 02B,PhysSciences 140,M 02:40PM-03:45PM
CSE 120 - 02 DIS 02C,Cowell Com 134,W 05:20PM-06:25PM
CSE 120 - 02 DIS 02D,PhysSciences 140,F 04:00PM-05:05PM
CSE 130 - 01 DIS 01A,R Carson  Acad 252,F 02:40PM-03:45PM
CSE 130 - 01 DIS 01B,R Carson  Acad 252,F 04:00PM-05:05PM
CSE 130 - 01 DIS 01C,PhysSciences 136,Th 01:30PM-02:35PM
CSE 130 - 01 DIS 01D,R Carson  Acad 250,Tu 08:30AM-09:35AM
CSE 130 - 01 DIS 01E,Earth&Marine B210,M 05:20PM-06:25PM
CSE 130 - 01 DIS 01F,Earth&Marine B210,W 06:40PM-07:45PM
CSE 130 - 02 #51364 LBS 02A,MingOng Cmp Lb 103,Th 05:00PM-06:05PM
CSE 130 - 02 #51404 LBS 02B,MingOng Cmp Lb 103,Th 06:15PM-07:20PM
CSE 130 - 02 #51365 LBS 02C,MingOng Cmp Lb 103,Th 07:30PM-08:35PM
CSE 130 - 02 #51292 LBS 02E,MingOng Cmp Lb 103,F 12:15PM-01:20PM
CSE 138 - 01 #53086 LBS 01A,J Baskin Engr 105,Tu 10:30AM-12:00PM
CSE 138 - 01 #53087 LBS 01B,J Baskin Engr 105,F 10:30AM-12:00PM
CSE 142 - 01 DIS 01A,Soc Sci 1 145,W 08:00AM-09:05AM
CSE 142 - 01 DIS 01B,Soc Sci 2 165,Tu 08:00AM-09:05AM
CSE 142 - 01 DIS 01C,Hum & Soc Sci 250,F 01:20PM-02:25PM
CSE 142 - 01 DIS 01D,Hum & Soc Sci 350,F 04:00PM-05:05PM
CSE 142 - 01 DIS 01E,Soc Sci 1 161,M 02:40PM-03:45PM
CSE 142 - 01 DIS 01F,Oakes Acad 222,W 05:20PM-06:25PM
CSE 150 - 01 #51785 LBS 01A,J Baskin Engr 109,M 04:00PM-06:00PM
CSE 150 - 01 #51784 LBS 01B,J Baskin Engr 109,Tu 10:00AM-12:00PM
CSE 150 - 01 #51786 LBS 01C,J Baskin Engr 109,W 06:30PM-08:30PM
CSE 150 - 01 #51787 LBS 01D,J Baskin Engr 109,Th 09:00AM-11:00AM
CSE 150 - 01 #51788 LBS 01E,J Baskin Engr 109,F 12:15PM-02:15PM
CSE 182 - 01 #51399 LBS 01A,J Baskin Engr 105,M 10:00AM-11:35AM
CSE 182 - 01 #51400 LBS 01B,J Baskin Engr 105,Tu 03:45PM-05:20PM
CSE 182 - 01 #51303 LBS 01C,J Baskin Engr 105,W 11:15AM-12:50PM
CSE 182 - 01 #51263 LBS 01D,J Baskin Engr 105,Th 10:00AM-11:35AM
CSE 182 - 01 #65997 LBS 01E,J Baskin Engr 105,Th 03:45PM-05:20PM
CSE 185E - DIS 01A,Hum & Soc Sci 350,M 05:20PM-06:25PM
CSE 185E - DIS 01B,Hum & Soc Sci 350,M 04:00PM-05:05PM
CSE 185E - DIS 01C,Soc Sci 2 165,W 01:20PM-02:25PM
CSE 185E - DIS 01D,J Baskin Engr 372,M 08:00AM-09:05AM
CSE 185E - DIS 01E,Steven Acad 152,W 06:40PM-07:45PM
CSE 185E - DIS 01F,Soc Sci 2 167,Th 06:40PM-07:45PM
CSE 185E - DIS 01G,Soc Sci 2 167,Th 08:00AM-09:05AM
CSE 185S - DIS 01A,Hum & Soc Sci 350,M 05:20PM-06:25PM
CSE 185S - DIS 01B,Hum & Soc Sci 350,M 04:00PM-05:05PM
CSE 185S - DIS 01C,Soc Sci 2 165,W 01:20PM-02:25PM
CSE 185S - DIS 01D,J Baskin Engr 372,M 08:00AM-09:05AM
CSE 185S - DIS 01E,Steven Acad 152,W 06:40PM-07:45PM
CSE 185S - DIS 01F,Soc Sci 2 167,Th 06:40PM-07:45PM
CSE 185S - DIS 01G,Soc Sci 2 167,Th 08:00AM-09:05AM
EART 119A - #51064 LBS 01A,Earth&Marine D250,Th 03:30PM-04:30PM
EART 119A - #51063 LBS 01B,Earth&Marine D258,F 10:00AM-11:00AM
EART 124 - 01 DIS 01A,Earth&Marine D258,Tu 04:00PM-05:00PM
ECE 10 - 01 DIS 01A,Cowell Acad 223,Tu 08:30AM-09:35AM
ECE 10 - 01 DIS 01B,Soc Sci 2 141,W 01:20PM-02:25PM
ECE 10 - 01 DIS 01C,Porter Acad 249,Th 03:20PM-04:25PM
ECE 10 - 01 DIS 01D,Porter Acad 250,F 10:40AM-11:45AM
ECE 13 - 01 #51264 LBS 01A,J Baskin Engr 109,M 10:00AM-12:00PM
ECE 13 - 01 #51416 LBS 01B,J Baskin Engr 109,Tu 12:00PM-02:00PM
ECE 13 - 01 #51338 LBS 01C,J Baskin Engr 109,W 10:00AM-12:00PM
ECE 13 - 01 #51339 LBS 01D,J Baskin Engr 109,Th 05:00PM-07:00PM
ECE 13 - 01 #52133 LBS 01E,J Baskin Engr 109,F 04:00PM-06:00PM
ECON 1 - 01 DIS 01A,Porter Acad 241,W 09:20AM-10:25AM
ECON 1 - 01 DIS 01B,Porter Acad 241,W 10:40AM-11:45AM
ECON 1 - 01 DIS 01C,Crown Clrm 202,W 08:00AM-09:05AM
ECON 1 - 01 DIS 01D,Soc Sci 2 159,M 01:20PM-02:25PM
ECON 1 - 01 DIS 01E,Crown Clrm 202,F 12:00PM-01:05PM
ECON 1 - 01 DIS 01F,Crown Clrm 202,F 01:20PM-02:25PM
ECON 2 - 01 DIS 01A,Soc Sci 1 149,W 10:40AM-11:45AM
ECON 2 - 01 DIS 01B,Soc Sci 1 153,W 05:20PM-06:25PM
ECON 2 - 01 DIS 01C,Crown Clrm 203,W 08:00AM-09:05AM
ECON 2 - 01 DIS 01D,Crown Clrm 202,M 09:20AM-10:25AM
ECON 2 - 01 DIS 01E,Soc Sci 1 149,F 10:40AM-11:45AM
ECON 2 - 01 DIS 01F,Soc Sci 1 149,F 12:00PM-01:05PM
ECON 2 - 02 DIS 02A,Soc Sci 2 167,Tu 08:30AM-09:35AM
ECON 2 - 02 DIS 02B,Crown Clrm 203,W 09:20AM-10:25AM
ECON 2 - 02 DIS 02C,Thimann Lab 101,W 02:40PM-03:45PM
ECON 2 - 02 DIS 02D,Oakes Acad 103,M 02:40PM-03:45PM
ECON 2 - 02 DIS 02E,Cowell Acad 223,F 09:20AM-10:25AM
ECON 2 - 02 DIS 02F,Thimann Lab 101,W 04:00PM-05:05PM
ECON 100A - DIS 01A,Merrill Acad 130,M 12:00PM-01:05PM
ECON 100A - DIS 01B,Oakes Acad 222,W 01:20PM-02:25PM
ECON 100A - DIS 02A,PhysSciences 136,W 04:00PM-05:05PM
ECON 100A - DIS 02B,Earth&Marine B210,F 09:20AM-10:25AM
ECON 100B - DIS 01A,Kresge Acad 3301,W 09:20AM-10:25AM
ECON 100B - DIS 01B,Oakes Acad 222,F 12:00PM-01:05PM
ECON 104 - 01 DIS 01A,Soc Sci 2 141,F 10:40AM-11:45AM
ECON 104 - 01 DIS 01B,Soc Sci 2 141,F 12:00PM-01:05PM
ECON 104 - 01 DIS 01C,Soc Sci 2 141,Tu 08:30AM-09:35AM
ECON 104 - 01 DIS 01D,Soc Sci 2 141,W 09:20AM-10:25AM
ECON 113 - 01 DIS 01A,Earth&Marine B210,W 02:40PM-03:45PM
ECON 113 - 01 DIS 01B,R Carson  Acad 252,F 09:20AM-10:25AM
ECON 113 - 02 DIS 02A,R Carson  Acad 252,F 01:20PM-02:25PM
ECON 113 - 02 DIS 02B,R Carson  Acad 252,W 02:40PM-03:45PM
ECON 124 - 01 DIS 01A,Merrill Acad 130,W 09:20AM-10:25AM
ECON 124 - 01 DIS 01B,Merrill Acad 130,F 12:00PM-01:05PM
ECON 125 - 01 DIS 01A,Hum & Soc Sci 250,M 02:40PM-03:45PM
ECON 125 - 01 DIS 01B,Soc Sci 2 159,F 01:20PM-02:25PM
ECON 131 - 01 DIS 01A,R Carson Acad 242,W 09:20AM-10:25AM
ECON 131 - 01 DIS 01B,R Carson Acad 242,W 10:40AM-11:45AM
ECON 135 - 01 DIS 01A,PhysSciences 140,W 02:40PM-03:45PM
ECON 135 - 01 DIS 01B,PhysSciences 136,M 01:20PM-02:25PM
ECON 140 - 01 DIS 01A,Cowell Acad 223,M 09:20AM-10:25AM
ECON 140 - 01 DIS 01B,Oakes Acad 103,W 12:00PM-01:05PM
ECON 141 - 01 DIS 01A,Earth&Marine B214,M 09:20AM-10:25AM
ECON 141 - 01 DIS 01B,PhysSciences 140,W 12:00PM-01:05PM
ECON 149 - 01 DIS 01A,Soc Sci 1 145,M 08:00AM-09:05AM
ECON 149 - 01 DIS 01B,Merrill Acad 132,Th 08:30AM-09:35AM
ECON 149 - 01 DIS 01C,J Baskin Engr 165,W 09:20AM-10:25AM
ECON 149 - 01 DIS 01D,J Baskin Engr 165,W 10:40AM-11:45AM
EDUC 10 - 01 DIS 01A,Kresge Acad 3301,F 08:00AM-09:05AM
EDUC 10 - 01 DIS 01B,Merrill Acad 130,F 02:40PM-03:45PM
EDUC 10 - 01 DIS 01C,R Carson  Acad 252,F 10:40AM-11:45AM
EDUC 10 - 01 DIS 01D,Kresge Acad 3101,F 04:00PM-05:05PM
EDUC 60 - 01 DIS 01A,Cowell Com 134,F 08:00AM-09:05AM
EDUC 60 - 01 DIS 01B,R Carson Acad 240,F 09:20AM-10:25AM
EDUC 60 - 01 DIS 01C,Cowell Com 134,F 12:00PM-01:05PM
EDUC 60 - 01 DIS 01D,R Carson  Acad 250,F 02:40PM-03:45PM
EDUC 60 - 01 DIS 01E,McHenry Lib 1340,F 10:40AM-11:45AM
EDUC 60 - 01 DIS 01F,Kresge Acad 3301,F 05:20PM-06:25PM
ENVS 23 - 01 DIS 01A,ISB 431,Tu 02:00PM-03:00PM
ENVS 23 - 01 DIS 01B,ISB 431,W 09:30AM-10:30AM
ENVS 23 - 01 DIS 01C,ISB 431,W 01:00PM-02:00PM
ENVS 23 - 01 DIS 01D,ISB 431,W 02:15PM-03:15PM
ENVS 23 - 01 DIS 01E,ISB 221,F 09:20AM-10:20AM
ENVS 23 - 01 DIS 01F,ISB 221,F 10:35AM-11:35AM
ENVS 120 - 01 DIS 01A,ISB 431,F 12:00PM-01:05PM
ENVS 120 - 01 DIS 01B,ISB 431,F 04:00PM-05:05PM
ENVS 140 - 01 DIS 01A,ISB 431,M 04:00PM-05:00PM
ENVS 140 - 01 DIS 01B,ISB 221,W 02:40PM-03:40PM
ENVS 147 - 01 DIS 01A,ISB 431,Tu 11:40AM-01:15PM
ENVS 147 - 01 DIS 01B,ISB 431,Th 01:30PM-02:35PM
ENVS 190 - 01 DIS 01A,ISB 455,W 10:40AM-11:45AM
ENVS 190 - 01 DIS 01B,ISB 413,W 02:40PM-03:45PM
ENVS 190 - 01 DIS 01C,Nat Sci 2 233,Th 11:40AM-12:45PM
ENVS 190 - 01 DIS 01D,ISB 417,Th 03:20PM-04:25PM
ESCI 100B - DIS 01A,Earth&Marine D258,W 04:30PM-06:00PM
ESCI 100B - DIS 01B,Earth&Marine D258,Th 05:00PM-06:30PM
FILM 20A - DIS 01A,Commun Bldg 121,Th 03:20PM-04:20PM
FILM 20A - DIS 01B,Commun Bldg 121,Th 05:20PM-06:20PM
FILM 20A - DIS 01C,Commun Bldg 121,F 01:20PM-02:20PM
FILM 20A - DIS 01D,Commun Bldg 121,F 02:40PM-03:40PM
FILM 20A - DIS 01E,Commun Bldg 119,Th 03:20PM-04:20PM
FILM 20A - DIS 01F,Commun Bldg 119,Th 05:20PM-06:20PM
FILM 20P - DIS 01A,Commun Bldg 130,F 09:20AM-10:20AM
FILM 20P - DIS 01B,Commun Bldg 130,F 10:40AM-11:40AM
FILM 20P - DIS 01C,Commun Bldg 130,F 12:00PM-01:00PM
FILM 20P - DIS 01D,Commun Bldg 130,F 01:20PM-02:20PM
FILM 20P - DIS 01E,Commun Bldg 130,F 02:40PM-03:40PM
FILM 20P - DIS 01F,Commun Bldg 130,F 04:00PM-05:00PM
FILM 120 - 01 DIS 01A,Commun Bldg 119,F 10:40AM-11:40AM
FILM 120 - 01 DIS 01B,Commun Bldg 119,F 12:00PM-01:00PM
FILM 120 - 01 DIS 01E,Commun Bldg 121,F 04:00PM-05:00PM
FILM 120 - 01 DIS 01F,Commun Bldg 121,F 05:20PM-06:20PM
FILM 132B - DIS 01A,Commun Bldg 117,F 08:00AM-09:00AM
FILM 132B - DIS 01B,Commun Bldg 117,F 09:20AM-10:20AM
FILM 132B - DIS 01C,Commun Bldg 117,F 10:40AM-11:40AM
FILM 132B - DIS 01D,Commun Bldg 117,F 12:00PM-01:00PM
FILM 132B - DIS 01G,Commun Bldg 117,F 04:00PM-05:00PM
FILM 132B - DIS 01H,Commun Bldg 117,F 05:20PM-06:20PM
FILM 132B - DIS 01I,Commun Bldg 121,F 10:40AM-11:40AM
FILM 132B - DIS 01J,Commun Bldg 121,F 12:00PM-01:00PM
FILM 136B - DIS 01A,Commun Bldg 117,Th 08:30AM-09:30AM
FILM 136B - DIS 01B,Commun Bldg 117,Th 09:50AM-10:50AM
FILM 136B - DIS 01C,Commun Bldg 117,Th 11:40AM-12:40PM
FILM 136B - DIS 01D,Commun Bldg 117,Th 01:30PM-02:30PM
FILM 136B - DIS 01E,Commun Bldg 117,Th 03:20PM-04:20PM
FILM 136B - DIS 01F,Commun Bldg 117,Th 05:20PM-06:20PM
FILM 136B - DIS 01G,Commun Bldg 121,F 08:00AM-09:00AM
FILM 136B - DIS 01H,Commun Bldg 121,F 09:20AM-10:20AM
FMST 40 - 01 DIS 01A,R Carson  Acad 250,F 08:00AM-09:05AM
FMST 40 - 01 DIS 01B,R Carson  Acad 252,M 02:40PM-03:45PM
FMST 40 - 01 DIS 01C,Oakes Acad 102,Tu 08:30AM-09:35AM
FMST 40 - 01 DIS 01D,Oakes Acad 102,Th 07:10PM-08:15PM
HAVC 45 - 01 DIS 01A,Porter Acad 248,Tu 02:00PM-03:05PM
HAVC 45 - 01 DIS 01B,Porter Acad 248,Tu 03:20PM-04:25PM
HAVC 45 - 01 DIS 01C,Porter Acad 248,W 12:00PM-01:00PM
HAVC 45 - 01 DIS 01D,Porter Acad 248,W 01:20PM-02:25PM
HAVC 85 - 01 DIS 01A,McHenry Clrm 1262,W 04:00PM-05:05PM
HAVC 85 - 01 DIS 01B,McHenry Clrm 1262,W 05:20PM-06:25PM
HAVC 85 - 01 DIS 01C,Porter Acad 248,Th 10:20AM-11:25AM
HAVC 85 - 01 DIS 01D,Porter Acad 248,Th 11:40AM-12:45PM
HAVC 85 - 01 DIS 01E,Porter Acad 248,Th 02:00PM-03:05PM
HAVC 85 - 01 DIS 01F,Porter Acad 248,Th 03:20PM-04:25PM
HIS 2B - DIS 01A,J Baskin Engr 156,W 04:00PM-05:05PM
HIS 2B - DIS 01B,J Baskin Engr 372,W 06:40PM-07:45PM
HIS 40B - DIS 01C,Oakes Acad 106,Th 08:30AM-09:35AM
HIS 40B - DIS 01D,R Carson Acad 242,F 02:40PM-03:45PM
HIS 70A - DIS 01A,Oakes Acad 222,M 01:20PM-02:25PM
HIS 70A - DIS 01B,Kresge Acad 3301,W 02:40PM-03:45PM
HIS 80X - DIS 01A,J Baskin Engr 372,F 09:20AM-10:25AM
HIS 80X - DIS 01B,Oakes Acad 102,F 12:00PM-01:05PM
HIS 110B - DIS 01A,Oakes Acad 106,W 09:20AM-10:25AM
HIS 110B - DIS 01B,J Baskin Engr 372,W 04:00PM-05:05PM
HIS 121B - DIS 01A,Oakes Acad 222,W 02:40PM-03:45PM
HIS 121B - DIS 01B,R Carson Acad 242,W 05:20PM-06:25PM
HISC 1 - 01 DIS 01A,R Carson Acad 242,M 08:00AM-09:05AM
HISC 1 - 01 DIS 01B,Oakes Acad 106,Th 06:40PM-07:45PM
HISC 1 - 01 DIS 01C,R Carson  Acad 252,Th 05:20PM-06:25PM
HISC 1 - 01 DIS 01D,Cowell Com 134,W 12:00PM-01:05PM
HISC 85 - 01 DIS 01A,Oakes Acad 222,M 08:00AM-09:05AM
HISC 85 - 01 DIS 01B,Oakes Acad 106,M 10:40AM-11:45AM
HISC 85 - 01 DIS 01C,R Carson  Acad 250,W 01:20PM-02:25PM
HISC 85 - 01 DIS 01D,R Carson  Acad 250,W 02:40PM-03:45PM
HISC 147 - 01 DIS 01A,PhysSciences 136,M 10:40AM-11:45AM
HISC 147 - 01 DIS 01B,Oakes Acad 106,Tu 08:30AM-09:35AM
HISC 149 - 01 DIS 01A,R Carson  Acad 252,M 10:40AM-11:45AM
HISC 149 - 01 DIS 01B,R Carson  Acad 252,M 12:00PM-01:05PM
HISC 149 - 01 DIS 01C,Oakes Acad 106,W 08:00AM-09:05AM
HISC 149 - 01 DIS 01D,Cowell Acad 113,W 01:20PM-02:25PM
HISC 149 - 01 DIS 01E,R Carson  Acad 250,F 04:00PM-05:05PM
LGST 10 - 01 DIS 01A,Hum & Soc Sci 350,Tu 07:10PM-08:15PM
LGST 10 - 01 DIS 01B,Hum & Soc Sci 350,W 12:00PM-01:05PM
LGST 10 - 01 DIS 01C,R Carson  Acad 252,W 05:20PM-06:25PM
LGST 10 - 01 DIS 01D,J Baskin Engr 165,F 10:40AM-11:45AM
LGST 105B - DIS 01A,McHenry Lib 1350,M 10:40AM-11:45AM
LGST 105B - DIS 01B,Merrill Acad 132,Th 05:20PM-06:25PM
LGST 105B - DIS 01C,Merrill Acad 132,Th 06:40PM-07:45PM
LGST 105B - DIS 01D,Soc Sci 1 145,W 01:20PM-02:25PM
LGST 111B - DIS 01A,Merrill Acad 132,Tu 05:20PM-06:25PM
LGST 111B - DIS 01B,Soc Sci 2 165,Tu 06:40PM-07:45PM
LGST 111B - DIS 01C,Hum & Soc Sci 250,Th 08:30AM-09:35AM
LGST 111B - DIS 01D,Hum & Soc Sci 250,Th 09:50AM-10:55AM
LGST 111B - DIS 01E,Soc Sci 2 159,W 12:00PM-01:05PM
LGST 111B - DIS 01F,Soc Sci 2 179,M 09:20AM-10:25AM
LGST 120C - DIS 01A,Hum & Soc Sci 350,M 12:00PM-01:05PM
LGST 120C - DIS 01B,Hum & Soc Sci 350,M 01:20PM-02:25PM
LGST 120C - DIS 01C,Soc Sci 2 159,Tu 05:20PM-06:25PM
LGST 120C - DIS 01D,Soc Sci 2 159,Tu 06:40PM-07:45PM
LGST 140E - DIS 01A,ISB 431,M 04:00PM-05:00PM
LGST 140E - DIS 01B,ISB 221,W 02:40PM-03:40PM
LGST 147B - DIS 01A,Oakes Acad 102,W 01:20PM-02:25PM
LGST 147B - DIS 01B,J Baskin Engr 372,W 02:40PM-03:45PM
LGST 147B - DIS 01C,Oakes Acad 222,Th 03:20PM-04:25PM
LGST 147B - DIS 01D,Oakes Acad 222,Th 05:20PM-06:25PM
LING 50 - 01 DIS 01B,Merrill Acad 130,M 09:20AM-10:25AM
LING 50 - 01 DIS 01C,Merrill Acad 130,M 02:40PM-03:45PM
LING 50 - 01 DIS 01D,Merrill Acad 132,M 07:10PM-08:15PM
LING 50 - 01 DIS 01F,Merrill Acad 132,Tu 11:40AM-12:45PM
LING 50 - 01 DIS 01G,Merrill Acad 132,Tu 06:40PM-07:45PM
LING 50 - 01 DIS 01H,R Carson  Acad 250,W 09:20AM-10:25AM
LING 50 - 01 DIS 01I,R Carson  Acad 250,W 08:00AM-09:05AM
LING 101 - 01 DIS 01A,Soc Sci 2 171,M 04:00PM-05:05PM
LING 101 - 01 DIS 01B,Soc Sci 2 171,M 02:40PM-03:45PM
LING 101 - 01 DIS 01C,Crown Clrm 201,Tu 09:50AM-10:55AM
LING 101 - 01 DIS 01D,Crown Clrm 201,Tu 11:40AM-12:45PM
LING 113 - 01 DIS 01A,J Baskin Engr 372,W 08:00AM-09:05AM
LING 113 - 01 DIS 01B,R Carson  Acad 250,W 05:20PM-06:25PM
LING 151 - 01 DIS 01A,Cowell Acad 216,W 02:40PM-03:45PM
LING 151 - 01 DIS 01B,Cowell Acad 216,W 04:00PM-05:05PM
LING 151 - 01 DIS 01C,Crown Clrm 201,Th 11:40AM-12:45PM
LING 151 - 01 DIS 01D,Crown Clrm 201,Th 01:30PM-02:35PM
LING 171 - 01 DIS 01A,Soc Sci 2 363,Th 05:20PM-06:25PM
LING 171 - 01 DIS 01B,Crown Clrm 201,F 10:40AM-11:45AM
LING 171 - 01 DIS 01C,Crown Clrm 201,M 02:40PM-03:45PM
LING 171 - 01 DIS 01D,Crown Clrm 202,M 01:20PM-02:25PM
LIT 1 - 01 DIS 01A,Hum & Soc Sci 359,MW 12:00PM-01:05PM
LIT 1 - 01 DIS 01B,R Carson  Acad 250,TuTh 03:20PM-04:55PM
LIT 1 - 01 DIS 01C,PhysSciences 136,WF 09:20AM-10:25AM
LIT 1 - 01 DIS 01D,McHenry Lib 1350,MW 02:40PM-03:45PM
LIT 61N - DIS 01A,Soc Sci 2 165,W 02:40PM-03:45PM
LIT 61N - DIS 01B,Soc Sci 2 165,W 04:00PM-05:05PM
LIT 61N - DIS 01C,Soc Sci 2 167,F 01:20PM-02:25PM
LIT 61N - DIS 01D,Soc Sci 2 167,F 12:00PM-01:05PM
LIT 61N - DIS 01E,Soc Sci 2 179,W 01:20PM-02:25PM
LIT 61N - DIS 01F,Kresge Acad 3301,W 07:10PM-08:15PM
LIT 61N - DIS 01G,Oakes Acad 102,M 01:20PM-02:25PM
LIT 61N - DIS 01H,Oakes Acad 102,M 02:40PM-03:45PM
LIT 90 - 01 DIS 01A,Soc Sci 1 149,TuTh 08:00AM-09:35AM
LIT 90 - 01 DIS 01B,Soc Sci 1 149,TuTh 09:50AM-11:25AM
LIT 90 - 01 DIS 01C,Thimann Lab 101,TuTh 03:20PM-04:55PM
LIT 90 - 01 DIS 01D,Hum & Soc Sci 350,MW 07:10PM-08:45PM
LIT 101 - 01 DIS 01A,Cowell Acad 113,Tu 07:10PM-08:15PM
LIT 101 - 01 DIS 01B,PhysSciences 136,W 02:40PM-03:45PM
LIT 101 - 01 DIS 01C,Soc Sci 1 161,M 10:40AM-11:45AM
LIT 101 - 01 DIS 01D,R Carson  Acad 252,M 04:00PM-05:05PM
LIT 111D - DIS 01A,Cowell Acad 113,W 12:00PM-01:05PM
LIT 111D - DIS 01B,Oakes Acad 106,W 04:00PM-05:05PM
LIT 111D - DIS 01C,R Carson  Acad 252,Th 11:40AM-12:45PM
LIT 126H - DIS 01A,Cowell Com 134,M 04:00PM-05:05PM
LIT 126H - DIS 01B,Cowell Clrm 131,M 05:20PM-06:25PM
LIT 126H - DIS 01C,R Carson  Acad 250,Th 05:20PM-06:25PM
LIT 127J - DIS 01A,Cowell Com 134,W 01:20PM-02:25PM
LIT 127J - DIS 01B,Oakes Acad 106,F 10:40AM-11:45AM
LIT 127J - DIS 01C,Oakes Acad 102,F 02:40PM-03:45PM
LIT 149J - DIS 01A,R Carson  Acad 252,M 10:40AM-11:45AM
LIT 149J - DIS 01B,R Carson  Acad 252,M 12:00PM-01:05PM
LIT 149J - DIS 01C,Oakes Acad 106,W 08:00AM-09:05AM
LIT 149J - DIS 01D,Cowell Acad 113,W 01:20PM-02:25PM
LIT 149J - DIS 01E,R Carson  Acad 250,F 04:00PM-05:05PM
LIT 160U - DIS 01A,PhysSciences 136,Th 03:20PM-04:25PM
LIT 160U - DIS 01B,Cowell Com 134,M 12:00PM-01:05PM
MATH 2 - 01 DIS 01A,McHenry Clrm 1240,M 02:40PM-03:45PM
MATH 2 - 01 DIS 01B,McHenry Clrm 1240,M 04:00PM-05:05PM
MATH 2 - 01 DIS 01C,McHenry Clrm 1240,W 02:40PM-03:45PM
MATH 2 - 01 DIS 01D,McHenry Clrm 1240,W 04:00PM-05:05PM
MATH 3 - 01 DIS 01A,McHenry Clrm 1240,M 05:20PM-06:25PM
MATH 3 - 01 DIS 01B,McHenry Clrm 1240,W 05:20PM-06:25PM
MATH 3 - 01 DIS 01C,McHenry Clrm 1240,F 12:00PM-01:05PM
MATH 3 - 01 DIS 01D,McHenry Clrm 1240,F 01:20PM-02:25PM
MATH 3 - 01 DIS 01E,McHenry Clrm 1240,F 02:40PM-03:45PM
MATH 3 - 01 DIS 01F,McHenry Clrm 1240,F 04:00PM-05:05PM
MATH 11A - #52531 LBS 01A,McHenry Clrm 1240,M 09:20AM-10:25AM
MATH 11A - #52532 LBS 01B,McHenry Clrm 1240,M 10:40AM-11:45AM
MATH 11A - #52533 LBS 01C,McHenry Clrm 1240,W 09:20AM-10:25AM
MATH 11A - #52534 LBS 01D,McHenry Clrm 1240,W 10:40AM-11:45AM
MATH 11B - #52535 LBS 01A,McHenry Clrm 1240,M 12:00PM-01:05PM
MATH 11B - #52536 LBS 01B,McHenry Clrm 1240,M 01:20PM-02:25PM
MATH 11B - #52537 LBS 01C,McHenry Clrm 1240,W 12:00PM-01:05PM
MATH 11B - #52538 LBS 01D,McHenry Clrm 1240,W 01:20PM-02:25PM
MATH 11B - #65978 LBS 01E,McHenry Clrm 1270,F 12:00PM-01:05PM
MATH 16A - DIS 01A,McHenry Clrm 1240,TuTh 09:50AM-10:55AM
MATH 16A - DIS 01B,McHenry Clrm 1240,TuTh 11:10AM-12:15PM
MATH 16A - DIS 01C,McHenry Clrm 1240,TuTh 12:30PM-01:35PM
MATH 16A - DIS 01D,McHenry Clrm 1240,TuTh 01:50PM-02:55PM
MATH 16B - DIS 01A,McHenry Clrm 1257,TuTh 01:50PM-02:55PM
MATH 16B - DIS 01B,McHenry Clrm 1240,TuTh 03:10PM-04:15PM
MATH 16B - DIS 01C,McHenry Clrm 1240,TuTh 04:30PM-05:35PM
MATH 16B - DIS 01D,McHenry Clrm 1240,TuTh 05:50PM-06:55PM
MATH 21 - 01 DIS 01A,McHenry Clrm 1257,M 09:20AM-10:25AM
MATH 21 - 01 DIS 01B,McHenry Clrm 1257,W 09:20AM-10:25AM
MATH 21 - 01 DIS 01C,McHenry Clrm 1257,F 09:20AM-10:25AM
MATH 21 - 01 DIS 01D,McHenry Clrm 1257,Tu 09:50AM-10:55AM
MATH 21 - 01 DIS 01E,McHenry Clrm 1257,Th 09:50AM-10:55AM
MATH 21 - 01 DIS 01F,McHenry Clrm 1257,Tu 11:40AM-12:45PM
MATH 21 - 01 DIS 01G,McHenry Clrm 1257,Th 11:40AM-12:45PM
MATH 21 - 01 DIS 01H,McHenry Clrm 1240,F 10:40AM-11:45AM
MATH 23A - #52564 LBS 01A,McHenry Clrm 1257,M 12:00PM-01:05PM
MATH 23A - #52563 LBS 01B,McHenry Clrm 1257,W 12:00PM-01:05PM
MATH 23A - #52565 LBS 01C,McHenry Clrm 1257,F 12:00PM-01:05PM
MATH 23A - #52566 LBS 01D,McHenry Clrm 1257,M 01:20PM-02:25PM
MATH 23A - #52567 LBS 01E,McHenry Clrm 1257,W 01:20PM-02:25PM
MATH 23A - #52570 LBS 01F,McHenry Clrm 1257,F 01:20PM-02:25PM
MATH 23A - #52568 LBS 01G,McHenry Clrm 1257,M 02:40PM-03:45PM
MATH 23A - #52569 LBS 01H,McHenry Clrm 1257,W 02:40PM-03:45PM
MATH 23A - #52571 LBS 01I,McHenry Clrm 1257,F 02:40PM-03:45PM
MATH 23A - #52572 LBS 01J,McHenry Clrm 1257,M 04:00PM-05:05PM
MATH 23A - #52573 LBS 01K,McHenry Clrm 1257,W 04:00PM-05:05PM
MATH 23A - #52574 LBS 01L,McHenry Clrm 1257,M 05:20PM-06:25PM
MATH 23A - #52575 LBS 01M,McHenry Clrm 1257,W 05:20PM-06:25PM
MATH 23A - #52577 LBS 01N,McHenry Clrm 1257,M 07:10PM-08:15PM
MATH 23A - #52576 LBS 01O,McHenry Clrm 1257,W 07:10PM-08:15PM
MATH 23B - #52578 LBS 01A,McHenry Clrm 1257,Tu 03:20PM-04:25PM
MATH 23B - #52580 LBS 01B,McHenry Clrm 1257,Th 03:20PM-04:25PM
MATH 23B - #52579 LBS 01C,McHenry Clrm 1257,Tu 05:20PM-06:25PM
MATH 23B - #52581 LBS 01D,McHenry Clrm 1257,Th 05:20PM-06:25PM
MATH 23B - #52582 LBS 01E,McHenry Clrm 1257,F 10:40AM-11:45AM
MATH 24 - 01 DIS 01A,McHenry Clrm 1257,M 10:40AM-11:45AM
MATH 24 - 01 DIS 01B,McHenry Clrm 1240,F 09:20AM-10:25AM
MATH 24 - 01 DIS 01C,McHenry Clrm 1257,W 10:40AM-11:45AM
MATH 100 - 01 DIS 01A,McHenry Clrm 1270,Tu 09:50AM-10:55AM
MATH 100 - 01 DIS 01B,McHenry Clrm 1270,Tu 01:30PM-02:35PM
MATH 103A - DIS 01A,McHenry Clrm 1270,Th 09:50AM-10:55AM
MATH 103A - DIS 01B,McHenry Clrm 1270,Th 01:30PM-02:35PM
MATH 105B - DIS 01A,McHenry Clrm 1270,Th 03:20PM-04:25PM
MATH 105B - DIS 01B,McHenry Clrm 1270,Tu 05:20PM-06:25PM
MATH 107 - 01 DIS 01A,McHenry Clrm 1279,Tu 03:20PM-04:25PM
MATH 107 - 01 DIS 01B,McHenry Clrm 1279,Th 05:20PM-06:25PM
MATH 111B - DIS 01A,McHenry Clrm 1270,M 04:00PM-05:05PM
MATH 111B - DIS 01B,McHenry Clrm 1270,F 09:20AM-10:25AM
MATH 116 - 01 DIS 01A,McHenry Clrm 1279,Th 03:20PM-04:25PM
MATH 116 - 01 DIS 01B,McHenry Clrm 1279,Tu 05:20PM-06:25PM
MATH 117 - 01 DIS 01A,McHenry Clrm 1270,W 04:00PM-05:05PM
MATH 117 - 01 DIS 01B,McHenry Clrm 1270,F 10:40AM-11:45AM
MATH 128A - DIS 01A,McHenry Clrm 1267,M 12:00PM-01:05PM
MATH 128A - DIS 01B,McHenry Clrm 1279,F 10:40AM-11:45AM
METX 100L - #52636 LBS 01A,Thimann Lab 223,MW 03:30PM-06:30PM
METX 100L - #65944 LBS 01B,Thimann Lab 229,MW 03:30PM-06:30PM
METX 140 - 01 DIS 01A,J Baskin Engr 372,M 06:40PM-07:45PM
METX 140 - 01 DIS 01B,Earth&Marine B210,Th 01:30PM-02:35PM
OCEA 80A - #51985 LBS 01A,Earth&Marine D266,Tu 03:30PM-04:30PM
OCEA 80A - #51986 LBS 01B,Earth&Marine D266,Tu 04:45PM-05:45PM
OCEA 80A - #51987 LBS 01C,Earth&Marine D266,Tu 06:00PM-07:00PM
OCEA 80A - #51988 LBS 01D,Earth&Marine D266,Th 09:30AM-10:30AM
OCEA 80A - #51989 LBS 01E,Earth&Marine D266,Th 10:45AM-11:45AM
OCEA 80A - #51990 LBS 01F,Earth&Marine D266,Th 12:00PM-01:00PM
OCEA 130 - 01 DIS 01A,Earth&Marine D258,F 01:00PM-02:00PM
OCEA 130 - 01 DIS 01B,Earth&Marine D258,F 02:15PM-03:15PM
OCEA 130 - 01 DIS 01C,Earth&Marine D258,Th 02:00PM-03:00PM
OCEA 130 - 01 DIS 01D,Earth&Marine D258,Th 03:15PM-04:15PM
PHIL 8 - 01 DIS 01B,Cowell Com 134,F 01:20PM-02:25PM
PHIL 8 - 01 DIS 01C,Oakes Acad 102,Th 08:30AM-09:35AM
PHIL 8 - 01 DIS 01D,Oakes Acad 106,M 07:10PM-08:15PM
PHIL 8 - 01 DIS 01E,R Carson  Acad 250,M 01:20PM-02:25PM
PHIL 8 - 01 DIS 01F,R Carson  Acad 250,Tu 05:20PM-06:25PM
PHIL 8 - 01 DIS 01G,R Carson  Acad 250,Tu 06:40PM-07:45PM
PHIL 11 - 01 DIS 01A,Soc Sci 1 161,Tu 08:00AM-09:05AM
PHIL 11 - 01 DIS 01C,Cowell Com 134,M 01:20PM-02:25PM
PHIL 11 - 01 DIS 01D,Oakes Acad 106,W 10:40AM-11:45AM
PHIL 11 - 01 DIS 01E,Oakes Acad 106,W 01:20PM-02:25PM
PHIL 11 - 01 DIS 01F,Steven Acad 152,F 04:00PM-05:05PM
PHIL 11 - 01 DIS 01G,Steven Acad 152,F 12:00PM-01:05PM
PHIL 11 - 01 DIS 01I,R Carson  Acad 252,Th 03:20PM-04:25PM
PHIL 11 - 01 DIS 01J,Kresge Acad 3301,Tu 07:10PM-08:15PM
PHIL 11 - 01 DIS 01K,R Carson  Acad 250,Th 06:40PM-07:45PM
PHIL 11 - 01 DIS 01L,Soc Sci 1 161,Th 08:00AM-09:05AM
PHIL 27 - 01 DIS 01A,Cowell Com 134,W 08:00AM-09:05AM
PHIL 27 - 01 DIS 01B,Cowell Com 134,M 05:20PM-06:25PM
PHIL 27 - 01 DIS 01E,Cowell Clrm 131,W 04:00PM-05:05PM
PHIL 27 - 01 DIS 01F,Oakes Acad 222,F 02:40PM-03:45PM
PHIL 80G - DIS 01A,Earth&Marine B210,M 08:00AM-09:05AM
PHIL 80G - DIS 01B,Soc Sci 2 179,W 09:20AM-10:25AM
PHIL 80G - DIS 01C,Soc Sci 2 179,W 02:40PM-03:45PM
PHIL 80G - DIS 01D,Earth&Marine B214,M 05:20PM-06:25PM
PHIL 80G - DIS 01E,Earth&Marine B210,M 06:40PM-07:45PM
PHIL 80G - DIS 01F,Earth&Marine B210,Th 07:10PM-08:15PM
PHIL 80G - DIS 01G,Earth&Marine B210,F 04:00PM-05:05PM
PHIL 80G - DIS 01H,Earth&Marine B210,F 08:00AM-09:05AM
PHIL 100A - DIS 01A,Merrill Acad 003,W 12:00PM-01:05PM
PHIL 100A - DIS 01B,Merrill Acad 003,W 01:20PM-02:25PM
PHIL 100A - DIS 01C,Soc Sci 2 141,Th 11:40AM-12:45PM
PHIL 100A - DIS 01D,Soc Sci 2 141,Th 01:30PM-02:35PM
PHYS 5A - DIS 01A,Thimann Lab 391,W 02:40PM-03:45PM
PHYS 5A - DIS 01B,Thimann Lab 391,W 04:00PM-05:05PM
PHYS 5A - DIS 01C,ISB 231,W 05:20PM-06:25PM
PHYS 5A - DIS 01D,ISB 231,Th 01:30PM-02:35PM
PHYS 5A - DIS 01E,Thimann Lab 391,F 08:00AM-09:05AM
PHYS 5A - DIS 01F,Thimann Lab 391,F 09:20AM-10:25AM
PHYS 5A - DIS 01G,ISB 231,Th 05:20PM-06:25PM
PHYS 5A - DIS 01H,Thimann Lab 391,F 01:20PM-02:25PM
PHYS 5A - DIS 01I,Thimann Lab 391,Th 08:00AM-09:05AM
PHYS 5B - DIS 01A,Thimann Lab 391,W 12:00PM-01:05PM
PHYS 5B - DIS 01B,Thimann Lab 391,W 01:20PM-02:25PM
PHYS 5B - DIS 01C,Thimann Lab 391,W 05:20PM-06:25PM
PHYS 5B - DIS 01D,Thimann Lab 391,Th 11:40AM-12:45PM
PHYS 5B - DIS 01E,Thimann Lab 391,Th 03:20PM-04:25PM
PHYS 5B - DIS 01F,Thimann Lab 391,Th 05:20PM-06:25PM
PHYS 5B - DIS 01G,Thimann Lab 391,F 10:40AM-11:45AM
PHYS 5B - DIS 01H,Thimann Lab 391,F 12:00PM-01:05PM
PHYS 5B - DIS 01I,Thimann Lab 391,F 02:40PM-03:45PM
PHYS 5B - DIS 01J,Thimann Lab 391,F 04:00PM-05:05PM
PHYS 5B - DIS 01K,Thimann Lab 391,W 06:40PM-07:45PM
PHYS 5B - DIS 01L,Thimann Lab 391,Th 06:40PM-07:45PM
PHYS 6A - DIS 01A,Soc Sci 2 167,M 12:00PM-01:05PM
PHYS 6A - DIS 01B,Soc Sci 2 167,M 01:20PM-02:25PM
PHYS 6A - DIS 01C,Soc Sci 2 167,M 02:40PM-03:45PM
PHYS 6A - DIS 01D,Hum & Soc Sci 350,Tu 08:30AM-09:35AM
PHYS 6A - DIS 01E,Hum & Soc Sci 350,Tu 09:50AM-10:55AM
PHYS 6A - DIS 01F,Hum & Soc Sci 250,Tu 11:40AM-12:45PM
PHYS 6A - DIS 01G,Soc Sci 2 167,W 01:20PM-02:25PM
PHYS 6A - DIS 01H,Soc Sci 2 167,W 02:40PM-03:45PM
PHYS 6A - DIS 01I,Soc Sci 2 165,Th 05:20PM-06:25PM
PHYS 6A - DIS 01J,Soc Sci 2 165,Th 06:40PM-07:45PM
PHYS 6A - DIS 01K,Soc Sci 2 165,F 02:40PM-03:45PM
PHYS 6A - DIS 01L,Soc Sci 2 165,F 04:00PM-05:05PM
PHYS 6B - DIS 01A,Soc Sci 2 167,M 04:00PM-05:05PM
PHYS 6B - DIS 01B,Soc Sci 2 167,M 05:20PM-06:25PM
PHYS 6B - DIS 01C,Soc Sci 2 167,M 06:40PM-07:45PM
PHYS 6B - DIS 01D,Steven Acad 151,Tu 01:30PM-02:35PM
PHYS 6B - DIS 01E,Soc Sci 2 165,Tu 05:20PM-06:25PM
PHYS 6B - DIS 01F,Soc Sci 2 167,Tu 06:40PM-07:45PM
PHYS 6B - DIS 01G,Hum & Soc Sci 250,W 02:40PM-03:45PM
PHYS 6B - DIS 01H,Hum & Soc Sci 250,W 04:00PM-05:05PM
PHYS 6B - DIS 01I,Soc Sci 1 145,Th 08:30AM-09:35AM
PHYS 6B - DIS 01J,Soc Sci 1 145,Th 09:50AM-10:55AM
PHYS 6B - DIS 01K,Soc Sci 1 145,F 08:00AM-09:05AM
PHYS 6B - DIS 01L,Soc Sci 2 167,F 02:40PM-03:45PM
PHYS 6C - DIS 01A,Soc Sci 2 159,M 08:00AM-09:05AM
PHYS 6C - DIS 01B,Soc Sci 2 165,M 02:40PM-03:45PM
PHYS 6C - DIS 01C,Soc Sci 2 165,M 04:00PM-05:05PM
PHYS 6C - DIS 01D,Soc Sci 1 145,Tu 08:00AM-09:05AM
PHYS 6C - DIS 01E,Soc Sci 1 145,Tu 09:50AM-10:55AM
PHYS 6C - DIS 01F,Soc Sci 2 159,W 08:00AM-09:05AM
PHYS 6C - DIS 01G,Soc Sci 2 159,W 01:20PM-02:25PM
PHYS 6C - DIS 01H,Soc Sci 2 159,W 02:40PM-03:45PM
PHYS 6C - DIS 01I,Soc Sci 2 159,Th 05:20PM-06:25PM
PHYS 6C - DIS 01J,Soc Sci 2 159,Th 06:40PM-07:45PM
PHYS 6C - DIS 01K,Soc Sci 2 165,F 01:20PM-02:25PM
PHYS 6C - DIS 01L,Soc Sci 2 167,F 04:00PM-05:05PM
PHYS 150 - 01 DIS 01A,R Carson  Acad 250,W 10:40AM-11:45AM
PHYS 150 - 01 DIS 01B,PhysSciences 140,Th 07:10PM-08:15PM
POLI 60 - 01 DIS 01A,Kresge Acad 3301,M 07:10PM-08:15PM
POLI 60 - 01 DIS 01B,Soc Sci 2 167,Tu 05:20PM-06:25PM
POLI 60 - 01 DIS 01C,Soc Sci 2 167,W 12:00PM-01:05PM
POLI 60 - 01 DIS 01F,Hum & Soc Sci 250,Tu 07:10PM-08:15PM
POLI 70 - 01 DIS 01A,Soc Sci 2 159,F 08:00AM-09:05AM
POLI 70 - 01 DIS 01B,Hum & Soc Sci 250,F 04:00PM-05:05PM
POLI 70 - 01 DIS 01C,Soc Sci 1 145,Th 05:20PM-06:25PM
POLI 70 - 01 DIS 01D,Merrill Acad 132,W 07:10PM-08:15PM
POLI 70 - 01 DIS 01E,Soc Sci 2 159,M 02:40PM-03:45PM
POLI 70 - 01 DIS 01F,McHenry Lib 1350,M 06:40PM-07:45PM
POLI 105B - DIS 01A,McHenry Lib 1350,M 10:40AM-11:45AM
POLI 105B - DIS 01B,Merrill Acad 132,Th 05:20PM-06:25PM
POLI 105B - DIS 01C,Merrill Acad 132,Th 06:40PM-07:45PM
POLI 105B - DIS 01D,Soc Sci 1 145,W 01:20PM-02:25PM
POLI 111B - DIS 01A,Merrill Acad 132,Tu 05:20PM-06:25PM
POLI 111B - DIS 01B,Soc Sci 2 165,Tu 06:40PM-07:45PM
POLI 111B - DIS 01C,Hum & Soc Sci 250,Th 08:30AM-09:35AM
POLI 111B - DIS 01D,Hum & Soc Sci 250,Th 09:50AM-10:55AM
POLI 111B - DIS 01E,Soc Sci 2 159,W 12:00PM-01:05PM
POLI 111B - DIS 01F,Soc Sci 2 179,M 09:20AM-10:25AM
POLI 120C - DIS 01A,Hum & Soc Sci 350,M 12:00PM-01:05PM
POLI 120C - DIS 01B,Hum & Soc Sci 350,M 01:20PM-02:25PM
POLI 120C - DIS 01C,Soc Sci 2 159,Tu 05:20PM-06:25PM
POLI 120C - DIS 01D,Soc Sci 2 159,Tu 06:40PM-07:45PM
POLI 140D - DIS 01A,R Carson  Acad 252,M 09:20AM-10:25AM
POLI 140D - DIS 01B,Steven Acad 151,Tu 08:00AM-09:05AM
POLI 140D - DIS 01C,Hum & Soc Sci 350,Tu 11:40AM-12:45PM
POLI 140D - DIS 01D,Hum & Soc Sci 350,W 01:20PM-02:25PM
POLI 160C - DIS 01A,N. Sci Annex 103,M 10:40AM-11:45AM
POLI 160C - DIS 01B,McHenry Lib 1340,W 02:40PM-03:45PM
POLI 160C - DIS 01C,McHenry Lib 1340,Th 01:30PM-02:35PM
POLI 160C - DIS 01D,Crown Clrm 208,F 09:20AM-10:25AM
PSYC 2 - 01 DIS 01A,Steven Acad 151,W 04:00PM-05:05PM
PSYC 2 - 01 DIS 01B,Steven Acad 151,W 05:20PM-06:25PM
PSYC 2 - 01 DIS 01C,Soc Sci 1 145,Th 06:40PM-07:45PM
PSYC 2 - 01 DIS 01D,Hum & Soc Sci 250,F 02:40PM-03:45PM
PSYC 10 - 01 DIS 01A,J Baskin Engr 372,F 02:40PM-03:45PM
PSYC 10 - 01 DIS 01B,Merrill Acad 130,F 04:00PM-05:05PM
PSYC 10 - 01 DIS 01C,McHenry Lib 1350,M 05:20PM-06:25PM
PSYC 10 - 01 DIS 01D,J Baskin Engr 372,M 01:20PM-02:25PM
PSYC 10 - 02 DIS 02A,Earth&Marine B214,W 09:20AM-10:25AM
PSYC 10 - 02 DIS 02B,Oakes Acad 222,W 12:00PM-01:05PM
PSYC 10 - 02 DIS 02C,McHenry Lib 1340,Tu 01:30PM-02:35PM
PSYC 10 - 02 DIS 02D,R Carson  Acad 252,Tu 08:00AM-09:05AM
PSYC 20 - 01 DIS 01A,Oakes Acad 222,M 05:20PM-06:25PM
PSYC 20 - 01 DIS 01B,Steven Acad 152,M 06:40PM-07:45PM
PSYC 20 - 01 DIS 01C,Merrill Acad 130,M 07:10PM-08:15PM
PSYC 20 - 01 DIS 01D,N. Sci Annex 103,Tu 09:50AM-10:55AM
PSYC 20 - 01 DIS 01E,PhysSciences 136,Tu 01:30PM-02:35PM
PSYC 20 - 01 DIS 01F,Oakes Acad 222,Tu 03:20PM-04:25PM
PSYC 20 - 01 DIS 01G,J Baskin Engr 156,Th 08:30AM-09:35AM
PSYC 20 - 01 DIS 01H,Merrill Acad 130,Th 05:20PM-06:25PM
PSYC 100 - 01 DIS 01A,Soc Sci 1 149,F 08:00AM-10:00AM
PSYC 100 - 01 DIS 01B,Crown Clrm 202,F 08:00AM-10:00AM
PSYC 100 - 01 DIS 01C,Soc Sci 1 149,W 02:00PM-04:00PM
PSYC 100 - 01 DIS 01D,Soc Sci 1 149,W 04:00PM-06:00PM
PSYC 100 - 01 DIS 01E,Soc Sci 1 149,W 06:00PM-08:00PM
PSYC 100 - 01 DIS 01F,Soc Sci 1 149,M 06:00PM-08:00PM
PSYC 100 - 01 DIS 01G,Soc Sci 1 149,M 04:00PM-06:00PM
PSYC 102 - 01 DIS 01A,N. Sci Annex 103,M 05:20PM-06:25PM
PSYC 102 - 01 DIS 01B,R Carson Acad 242,W 02:40PM-03:45PM
PSYC 102 - 01 DIS 01C,McHenry Lib 1350,W 05:20PM-06:25PM
PSYC 102 - 01 DIS 01D,N. Sci Annex 102,Th 09:50AM-10:55AM
PSYC 105 - 01 DIS 01A,Merrill Acad 130,F 09:20AM-10:25AM
PSYC 105 - 01 DIS 01B,Kresge Acad 3301,F 02:40PM-03:45PM
PSYC 116 - 01 DIS 01A,Oakes Acad 222,W 08:00AM-09:05AM
PSYC 116 - 01 DIS 01B,J Baskin Engr 372,W 09:20AM-10:25AM
PSYC 116 - 01 DIS 01C,J Baskin Engr 156,F 12:00PM-01:05PM
PSYC 116 - 01 DIS 01D,J Baskin Engr 372,F 01:20PM-02:25PM
PSYC 121 - 01 DIS 01A,J Baskin Engr 372,M 09:20AM-10:25AM
PSYC 121 - 01 DIS 01B,J Baskin Engr 156,M 10:40AM-11:45AM
PSYC 121 - 01 DIS 01C,J Baskin Engr 372,M 12:00PM-01:05PM
PSYC 121 - 01 DIS 01D,McHenry Lib 1350,Tu 11:40AM-12:45PM
PSYC 121 - 01 DIS 01E,Soc Sci 1 161,Th 01:30PM-02:35PM
PSYC 121 - 01 DIS 01F,McHenry Lib 1350,M 01:20PM-02:25PM
PSYC 123 - 01 DIS 01A,Oakes Acad 222,F 01:20PM-02:25PM
PSYC 123 - 01 DIS 01B,J Baskin Engr 156,W 01:20PM-02:25PM
PSYC 123 - 01 DIS 01C,Kresge Acad 3301,F 09:20AM-10:25AM
PSYC 123 - 01 DIS 01D,PhysSciences 140,W 09:20AM-10:25AM
PSYC 123 - 01 DIS 01E,McHenry Lib 1340,W 10:40AM-11:45AM
PSYC 123 - 01 DIS 01F,Oakes Acad 102,W 12:00PM-01:05PM
PSYC 129 - 01 DIS 01A,Kresge Acad 3301,M 09:20AM-10:25AM
PSYC 129 - 01 DIS 01B,J Baskin Engr 165,M 10:40AM-11:45AM
PSYC 129 - 01 DIS 01C,Oakes Acad 102,M 04:00PM-05:05PM
PSYC 129 - 01 DIS 01D,Steven Acad 152,M 05:20PM-06:25PM
PSYC 129 - 01 DIS 01E,Oakes Acad 222,W 10:40AM-11:45AM
PSYC 129 - 01 DIS 01F,J Baskin Engr 156,W 12:00PM-01:05PM
PSYC 140H - DIS 01A,Kresge Acad 3301,M 02:40PM-03:45PM
PSYC 140H - DIS 01B,J Baskin Engr 372,M 05:20PM-06:25PM
PSYC 140H - DIS 01C,N. Sci Annex 102,Tu 09:50AM-10:55AM
PSYC 140H - DIS 01D,J Baskin Engr 372,Tu 11:40AM-12:45PM
PSYC 140Q - DIS 01A,J Baskin Engr 156,M 12:00PM-01:05PM
PSYC 140Q - DIS 01B,R Carson Acad 242,M 02:40PM-03:45PM
PSYC 140Q - DIS 01C,Steven Acad 152,Tu 03:20PM-04:25PM
PSYC 140Q - DIS 01D,Merrill Acad 130,Tu 05:20PM-06:25PM
PSYC 147B - DIS 01A,Oakes Acad 102,W 01:20PM-02:25PM
PSYC 147B - DIS 01B,J Baskin Engr 372,W 02:40PM-03:45PM
PSYC 147B - DIS 01C,Oakes Acad 222,Th 03:20PM-04:25PM
PSYC 147B - DIS 01D,Oakes Acad 222,Th 05:20PM-06:25PM
PSYC 160 - 01 DIS 01A,R Carson Acad 242,F 09:20AM-10:25AM
PSYC 160 - 01 DIS 01B,Oakes Acad 222,F 10:40AM-11:45AM
PSYC 160 - 01 DIS 01C,J Baskin Engr 165,F 12:00PM-01:05PM
PSYC 160 - 01 DIS 01D,McHenry Lib 1350,F 01:20PM-02:25PM
PSYC 160 - 01 DIS 01E,J Baskin Engr 156,F 02:40PM-03:45PM
PSYC 160 - 01 DIS 01F,J Baskin Engr 156,F 04:00PM-05:05PM
PSYC 178 - 01 DIS 01A,Soc Sci 1 161,M 08:00AM-09:05AM
PSYC 178 - 01 DIS 01B,J Baskin Engr 165,M 09:20AM-10:25AM
PSYC 178 - 01 DIS 01C,R Carson Acad 242,M 12:00PM-01:05PM
PSYC 178 - 01 DIS 01D,J Baskin Engr 372,M 02:40PM-03:45PM
PSYC 178 - 01 DIS 01E,Merrill Acad 130,M 04:00PM-05:05PM
PSYC 178 - 01 DIS 01F,Kresge Acad 3301,M 05:20PM-06:25PM
PSYC 181 - 01 DIS 01A,Kresge Acad 3101,Tu 01:30PM-02:35PM
PSYC 181 - 01 DIS 01B,Oakes Acad 106,Tu 05:20PM-06:25PM
PSYC 181 - 01 DIS 01C,Earth&Marine B214,W 01:20PM-02:25PM
PSYC 181 - 01 DIS 01D,Earth&Marine B214,W 12:00PM-01:05PM
SOCY 1 - 01 DIS 01A,Oakes Acad 222,M 10:40AM-11:45AM
SOCY 1 - 01 DIS 01B,Oakes Acad 222,M 12:00PM-01:05PM
SOCY 1 - 01 DIS 01C,Merrill Acad 130,W 01:20PM-02:25PM
SOCY 1 - 01 DIS 01D,Merrill Acad 130,W 02:40PM-03:45PM
SOCY 1 - 01 DIS 01E,Oakes Acad 222,Th 11:40AM-12:45PM
SOCY 1 - 01 DIS 01F,R Carson  Acad 252,Th 01:30PM-02:35PM
SOCY 105B - DIS 01A,Porter Acad 246,Th 01:30PM-02:35PM
SOCY 105B - DIS 01B,Porter Acad 246,Th 03:20PM-04:25PM
SOCY 105B - DIS 01C,Merrill Acad 002,W 01:20PM-02:25PM
SOCY 105B - DIS 01D,Merrill Acad 002,W 02:40PM-03:45PM
SOCY 105B - DIS 01E,Porter Acad 250,Tu 05:20PM-06:25PM
SOCY 105B - DIS 01F,Porter Acad 250,Tu 06:40PM-07:45PM
STAT 5 - 01 DIS 01A,PhysSciences 140,Th 08:00AM-09:05AM
STAT 5 - 01 DIS 01B,PhysSciences 140,M 05:20PM-06:25PM
STAT 5 - 01 DIS 01C,Crown Clrm 208,W 09:20AM-10:25AM
STAT 5 - 01 DIS 01D,Earth&Marine B214,Th 05:20PM-06:25PM
STAT 5 - 02 DIS 02A,PhysSciences 140,W 04:00PM-05:05PM
STAT 5 - 02 DIS 02B,PhysSciences 140,W 05:20PM-06:25PM
STAT 5 - 02 DIS 02C,Crown Clrm 208,Th 08:00AM-09:05AM
STAT 5 - 02 DIS 02D,Cowell Com 134,Th 08:30AM-09:35AM
STAT 5 - 03 DIS 03A,Oakes Acad 106,F 02:40PM-03:45PM
STAT 5 - 03 DIS 03B,Oakes Acad 106,F 04:00PM-05:05PM
STAT 5 - 03 DIS 03D,Earth&Marine B214,Tu 08:30AM-09:35AM
STAT 7 - 01 DIS 01A,Crown Clrm 208,M 08:00AM-09:05AM
STAT 7 - 01 DIS 01B,Crown Clrm 208,W 08:00AM-09:05AM
STAT 7 - 01 DIS 01C,Cowell Clrm 131,Tu 06:40PM-07:45PM
STAT 7 - 01 DIS 01D,Cowell Clrm 131,Tu 05:20PM-06:25PM
STAT 7 - 01 DIS 01E,Crown Clrm 208,F 04:00PM-05:05PM
STAT 17 - 01 DIS 01A,Earth&Marine B210,F 01:20PM-02:25PM
STAT 17 - 01 DIS 01B,J Baskin Engr 372,Th 07:10PM-08:15PM
STAT 17 - 01 DIS 01C,N. Sci Annex 102,W 04:00PM-05:05PM
STAT 17 - 01 DIS 01D,Earth&Marine B214,W 08:00AM-09:05AM
STAT 17 - 01 DIS 01E,Steven Acad 152,W 05:20PM-06:25PM
STAT 17 - 01 DIS 01F,PhysSciences 136,M 02:40PM-03:45PM
STAT 17 - 01 DIS 01G,Earth&Marine B214,Tu 01:30PM-02:35PM
STAT 17 - 01 DIS 01H,Earth&Marine B214,M 06:40PM-07:45PM
STAT 80A - DIS 01A,Porter Acad 144,W 02:40PM-03:45PM
STAT 131 - 01 DIS 01A,N. Sci Annex 102,W 12:00PM-01:05PM
STAT 131 - 01 DIS 01B,PhysSciences 136,W 05:20PM-06:25PM
STAT 131 - 01 DIS 01C,J Baskin Engr 156,F 08:00AM-09:05AM
STAT 131 - 02 DIS 02A,Porter Acad 144,F 02:40PM-03:45PM
STAT 131 - 02 DIS 02B,Porter Acad 144,F 01:20PM-02:25PM
STAT 131 - 02 DIS 02C,Porter Acad 144,Tu 08:30AM-09:35AM
STAT 132 - 01 DIS 01A,Earth&Marine B210,Tu 08:30AM-09:35AM
STAT 132 - 01 DIS 01B,PhysSciences 140,F 10:40AM-11:45AM
THEA 20 - 01 #50568 STS 01A,TA Studio C100,F 09:20AM-10:25AM
THEA 20 - 01 #50567 STS 01B,TA Studio C100,F 10:40AM-11:45AM
THEA 20 - 01 #50566 STS 01C,TA Studio C100,F 12:00PM-01:05PM
THEA 20 - 01 #50565 STS 01D,TA Studio C100,F 01:20PM-02:25PM
TIM 175 - 01 DIS 01A,Porter Acad 144,M 02:40PM-03:45PM
TIM 175 - 01 DIS 01C,Porter Acad 144,M 05:20PM-06:25PM
TIM 175 - 01 DIS 01D,Porter Acad 144,M 01:20PM-02:25PM
